frame,player_idx,matched_broadcast_player
0,0,429
0,1,60
0,2,17
0,3,11
0,4,18
0,5,172
0,6,60
0,7,884
0,8,14
0,9,67
0,10,384
0,11,778
0,12,888
0,13,11
0,14,4
0,15,11
0,16,12
0,17,83
0,18,12
0,19,11
0,20,11
0,22,12
1,0,102
1,1,314
1,2,888
1,3,14
1,4,60
1,5,12
1,6,69
1,7,11
1,8,172
1,9,60
1,10,790
1,11,704
1,12,67
1,13,11
1,14,83
1,15,11
1,16,0
1,17,11
1,18,11
1,19,12
1,20,11
1,21,12
2,0,888
2,1,12
2,2,67
2,3,60
2,4,302
2,5,169
2,6,11
2,7,314
2,8,406
2,9,11
2,10,11
2,11,779
2,12,69
2,13,11
2,14,884
2,15,143
2,16,12
2,17,4
2,18,4
2,20,11
2,21,12
2,22,11
3,0,852
3,1,67
3,2,12
3,3,335
3,4,11
3,5,429
3,6,302
3,7,314
3,8,11
3,9,11
3,10,779
3,11,18
3,12,11
3,13,884
3,14,11
3,15,68
3,16,11
3,17,4
3,18,12
3,19,12
3,20,501
3,21,11
4,0,67
4,1,11
4,2,11
4,3,302
4,4,11
4,5,314
4,6,12
4,7,70
4,8,429
4,9,890
4,10,60
4,11,852
4,12,4
4,13,203
4,14,818
4,15,171
4,16,14
4,17,12
4,18,11
4,19,11
4,21,12
4,22,11
5,0,11
5,1,11
5,2,314
5,3,67
5,4,11
5,5,314
5,6,818
5,7,122
5,8,83
5,9,767
5,10,12
5,11,60
5,12,429
5,13,12
5,14,888
5,15,14
5,16,791
5,17,11
5,18,12
5,19,11
5,20,12
5,21,354
6,0,11
6,1,314
6,2,11
6,3,29
6,4,302
6,5,12
6,6,314
6,7,767
6,8,11
6,9,779
6,10,18
6,11,383
6,12,582
6,13,354
6,14,12
6,15,11
6,16,11
6,17,888
6,18,11
6,19,11
6,20,12
6,21,354
7,0,314
7,1,314
7,2,429
7,3,12
7,4,67
7,5,713
7,6,11
7,7,383
7,8,11
7,9,767
7,10,60
7,11,12
7,12,688
7,13,11
7,14,45
7,15,18
7,16,428
7,17,11
7,18,11
7,19,11
7,20,911
7,23,12
8,0,45
8,1,67
8,2,302
8,3,314
8,4,60
8,5,57
8,6,856
8,7,790
8,8,335
8,9,428
8,10,12
8,11,11
8,12,11
8,13,593
8,14,429
8,15,888
8,16,18
8,17,4
8,18,11
8,19,11
8,20,12
9,0,67
9,1,69
9,2,172
9,3,767
9,4,60
9,5,383
9,6,314
9,7,11
9,8,314
9,9,95
9,10,593
9,11,335
9,12,12
9,13,11
9,14,2
9,15,70
9,16,11
9,17,397
9,18,11
9,19,11
9,20,888
10,0,29
10,1,57
10,2,172
10,3,884
10,4,60
10,5,11
10,6,4
10,7,397
10,8,60
10,9,18
10,10,12
10,11,289
10,12,11
10,13,12
10,14,2
10,15,383
10,16,19
10,17,384
10,18,11
10,19,11
10,21,852
11,0,29
11,1,4
11,2,884
11,3,172
11,4,18
11,5,60
11,6,60
11,7,11
11,8,12
11,9,12
11,10,314
11,11,397
11,12,514
11,13,911
11,14,4
11,15,899
11,16,206
11,17,11
11,18,11
11,19,11
11,20,11
12,0,12
12,1,115
12,2,18
12,3,11
12,4,314
12,5,137
12,6,4
12,7,60
12,8,11
12,9,12
12,10,884
12,11,314
12,12,302
12,13,4
12,14,899
12,15,11
12,16,11
12,17,779
12,18,11
12,19,4
12,20,911
13,0,18
13,1,11
13,2,12
13,3,129
13,4,11
13,5,12
13,6,11
13,7,397
13,8,60
13,9,314
13,10,429
13,11,11
13,12,4
13,13,11
13,14,60
13,15,4
13,16,884
13,17,779
13,18,14
13,19,11
13,20,888
13,21,12
14,0,11
14,1,12
14,2,302
14,3,12
14,4,96
14,5,83
14,6,60
14,7,952
14,8,11
14,9,12
14,10,11
14,11,384
14,12,514
14,13,4
14,14,884
14,15,289
14,16,344
14,17,11
14,18,14
14,19,1403
14,20,4
14,22,12
15,0,11
15,1,302
15,2,12
15,3,384
15,4,12
15,5,68
15,6,11
15,7,514
15,8,11
15,9,83
15,10,12
15,11,96
15,12,18
15,13,884
15,14,397
15,15,11
15,16,14
15,17,11
15,18,428
15,19,888
15,20,11
15,23,12
16,0,84
16,1,11
16,2,60
16,3,302
16,4,397
16,5,12
16,6,83
16,7,11
16,8,888
16,9,546
16,10,884
16,11,12
16,12,779
16,13,12
16,14,14
16,15,397
16,16,18
16,17,4
16,18,11
16,19,2
16,20,428
17,0,96
17,1,888
17,2,45
17,3,884
17,4,60
17,5,11
17,6,406
17,7,610
17,8,428
17,9,83
17,10,11
17,11,397
17,12,2
17,13,302
17,14,12
17,15,12
17,16,4
17,17,12
17,18,899
17,19,56
17,20,11
17,23,274
18,0,67
18,1,884
18,2,302
18,3,888
18,4,60
18,5,69
18,6,11
18,7,302
18,8,314
18,9,11
18,10,83
18,11,137
18,12,899
18,13,45
18,14,12
18,15,11
18,16,11
18,17,11
18,18,688
18,19,12
18,20,11
19,0,314
19,1,67
19,2,911
19,3,899
19,4,302
19,5,767
19,6,154
19,7,69
19,8,12
19,9,300
19,10,11
19,11,314
19,12,899
19,13,12
19,14,11
19,15,2
19,16,12
19,17,11
19,18,83
19,19,791
19,20,11
19,22,12
20,0,429
20,1,397
20,2,884
20,3,60
20,4,12
20,5,18
20,6,852
20,7,60
20,8,11
20,9,171
20,10,84
20,11,14
20,12,302
20,13,11
20,14,12
20,15,11
20,16,12
20,17,83
20,18,4
20,19,791
20,20,11
21,0,314
21,1,12
21,2,18
21,3,60
21,4,67
21,5,397
21,6,767
21,7,302
21,8,12
21,9,12
21,10,11
21,11,11
21,12,11
21,13,45
21,14,60
21,15,888
21,16,11
21,17,4
21,18,11
21,19,4
21,20,11
21,21,12
22,0,384
22,1,11
22,2,84
22,3,12
22,4,45
22,5,952
22,6,314
22,7,688
22,8,767
22,9,397
22,10,12
22,11,11
22,12,11
22,13,354
22,14,203
22,15,514
22,16,4
22,17,1403
22,18,4
22,19,11
22,20,11
23,0,67
23,1,384
23,2,12
23,3,11
23,4,827
23,5,12
23,6,302
23,7,884
23,8,95
23,9,11
23,10,302
23,11,11
23,12,11
23,13,68
23,14,60
23,15,2
23,16,11
23,17,18
23,18,11
23,19,14
23,20,11
24,0,314
24,1,40
24,2,814
24,3,12
24,4,888
24,5,12
24,6,767
24,7,261
24,8,384
24,9,11
24,10,12
24,11,2
24,12,11
24,13,4
24,14,18
24,15,203
24,16,14
24,17,4
24,18,383
24,19,11
25,0,40
25,1,314
25,2,888
25,3,777
25,4,12
25,5,397
25,6,83
25,7,4
25,8,911
25,9,767
25,10,137
25,11,12
25,12,790
25,13,11
25,14,12
25,15,11
25,16,203
25,17,11
25,18,397
25,19,11
25,20,4
25,21,12
26,0,11
26,1,137
26,2,166
26,3,888
26,4,185
26,5,19
26,6,18
26,7,45
26,8,302
26,9,791
26,10,884
26,11,12
26,12,384
26,13,383
26,14,12
26,15,11
26,16,12
26,17,11
26,18,14
26,19,11
26,20,11
26,21,12
27,0,18
27,1,137
27,2,57
27,3,137
27,4,661
27,5,84
27,6,166
27,7,429
27,8,12
27,9,899
27,10,11
27,11,11
27,12,384
27,13,11
27,14,12
27,15,790
27,16,4
27,17,779
27,18,12
27,19,302
27,20,11
27,21,12
28,0,60
28,1,17
28,2,18
28,3,154
28,4,900
28,5,869
28,6,11
28,7,429
28,8,11
28,9,397
28,10,11
28,11,11
28,12,688
28,13,45
28,14,83
28,15,12
28,16,11
28,17,397
28,18,911
28,19,11
28,20,12
29,0,60
29,1,900
29,2,18
29,3,11
29,4,884
29,5,397
29,6,12
29,7,11
29,8,60
29,9,12
29,10,779
29,11,11
29,12,397
29,13,11
29,14,11
29,15,14
29,16,11
29,17,397
29,18,12
29,19,428
29,21,1403
30,0,104
30,1,856
30,2,354
30,3,888
30,4,406
30,5,11
30,6,12
30,7,11
30,8,779
30,9,514
30,10,2
30,11,274
30,12,12
30,13,397
30,14,14
30,15,4
30,16,83
30,17,12
30,18,11
30,19,397
30,22,0
31,0,454
31,1,869
31,2,397
31,3,514
31,4,12
31,5,11
31,6,911
31,7,354
31,8,11
31,9,4
31,10,11
31,11,397
31,12,14
31,13,11
31,14,2
31,15,4
31,16,12
31,17,274
31,18,314
31,19,1403
31,21,11
31,22,12
32,0,856
32,1,45
32,2,115
32,3,397
32,4,12
32,5,911
32,6,11
32,7,4
32,8,11
32,9,911
32,10,83
32,11,888
32,12,354
32,13,137
32,14,11
32,15,4
32,16,11
32,17,12
32,18,429
32,19,12
32,20,12
33,0,884
33,1,18
33,2,397
33,3,514
33,4,688
33,5,11
33,6,397
33,7,12
33,8,11
33,9,83
33,10,11
33,11,911
33,12,779
33,13,11
33,14,137
33,15,11
33,16,11
33,17,442
33,18,12
33,19,397
33,20,302
34,0,899
34,1,11
34,2,302
34,3,899
34,4,884
34,5,11
34,6,83
34,7,384
34,8,790
34,9,779
34,10,804
34,11,11
34,12,354
34,13,12
34,14,11
34,15,12
34,16,623
34,17,11
34,18,11
34,19,397
34,20,397
35,0,942
35,1,67
35,2,83
35,3,274
35,4,884
35,5,12
35,6,11
35,7,354
35,8,790
35,9,314
35,10,11
35,11,11
35,12,45
35,13,11
35,14,45
35,15,11
35,16,11
35,17,11
35,18,314
35,19,12
35,20,406
36,0,454
36,1,60
36,2,884
36,3,18
36,4,11
36,5,11
36,6,779
36,7,11
36,8,335
36,9,274
36,10,314
36,11,12
36,12,11
36,13,779
36,14,688
36,15,11
36,16,12
36,17,11
36,18,12
36,19,429
36,21,302
37,0,29
37,1,884
37,2,60
37,3,4
37,4,12
37,5,397
37,6,11
37,7,514
37,8,137
37,9,852
37,10,12
37,11,12
37,12,4
37,13,12
37,14,4
37,15,11
37,16,12
37,17,11
37,18,384
37,19,166
37,20,314
38,0,12
38,1,454
38,2,884
38,3,282
38,4,4
38,5,429
38,6,137
38,7,11
38,8,514
38,9,4
38,10,11
38,11,593
38,12,12
38,13,11
38,14,11
38,15,899
38,16,14
38,17,14
38,18,383
38,19,429
38,20,429
38,21,12
39,0,11
39,1,884
39,2,314
39,3,12
39,4,12
39,5,899
39,6,514
39,7,429
39,8,899
39,9,60
39,10,143
39,11,11
39,12,11
39,13,911
39,14,11
39,15,623
39,16,11
39,17,429
39,18,11
39,19,12
39,20,429
39,22,429
39,23,282
40,0,884
40,1,12
40,2,546
40,3,4
40,4,888
40,5,911
40,6,429
40,7,11
40,8,11
40,9,900
40,10,203
40,11,171
40,12,428
40,13,274
40,14,911
40,15,11
40,16,11
40,17,11
40,18,12
40,19,429
40,20,429
41,0,314
41,1,11
41,2,18
41,3,911
41,4,11
41,5,839
41,6,12
41,7,884
41,8,428
41,9,428
41,10,11
41,11,11
41,12,12
41,13,397
41,14,397
41,15,12
41,16,2
41,17,354
41,18,911
41,19,11
41,20,12
41,21,454
41,22,203
42,0,852
42,1,11
42,2,12
42,3,74
42,4,12
42,5,790
42,6,428
42,7,626
42,8,884
42,9,397
42,10,839
42,11,12
42,12,11
42,13,11
42,14,428
42,15,911
42,16,397
42,17,11
42,18,514
42,19,11
42,20,454
42,22,354
43,0,454
43,1,83
43,2,852
43,3,143
43,4,12
43,5,12
43,6,884
43,7,384
43,8,791
43,9,11
43,10,11
43,11,428
43,12,14
43,13,11
43,14,11
43,15,11
43,16,397
43,17,12
43,18,12
43,19,748
43,20,384
43,21,12
43,23,137
44,0,899
44,1,137
44,2,83
44,3,454
44,4,11
44,5,514
44,6,397
44,7,1074
44,8,12
44,9,12
44,10,12
44,11,11
44,12,203
44,13,11
44,14,11
44,15,12
44,16,799
44,17,2
44,18,14
44,19,384
44,20,397
44,21,12
45,0,137
45,1,11
45,2,546
45,3,11
45,4,454
45,5,11
45,6,884
45,7,748
45,8,83
45,9,11
45,10,335
45,11,384
45,12,11
45,13,14
45,14,699
45,15,911
45,16,11
45,17,397
45,18,397
45,19,14
45,20,12
45,22,12
46,0,60
46,1,397
46,2,11
46,3,546
46,4,11
46,5,314
46,6,748
46,7,884
46,8,12
46,9,56
46,10,335
46,11,1403
46,12,12
46,13,12
46,14,83
46,15,11
46,16,14
46,17,11
46,18,11
46,19,429
46,20,14
46,22,12
47,0,922
47,1,154
47,2,57
47,3,11
47,4,546
47,5,406
47,6,4
47,7,900
47,8,911
47,9,12
47,10,12
47,11,1403
47,12,60
47,13,11
47,14,12
47,15,14
47,16,397
47,17,11
47,18,74
47,19,11
47,20,466
47,21,12
48,0,884
48,1,57
48,2,397
48,3,11
48,4,397
48,5,45
48,6,899
48,7,11
48,8,60
48,9,1403
48,10,14
48,11,60
48,12,12
48,13,11
48,14,428
48,15,11
48,16,11
48,17,429
48,18,12
48,19,454
48,20,11
49,0,384
49,1,911
49,2,884
49,3,11
49,4,974
49,5,14
49,6,11
49,7,11
49,8,11
49,9,12
49,10,384
49,11,514
49,12,623
49,13,354
49,14,11
49,15,344
49,16,12
49,17,11
49,18,314
49,19,2
49,20,384
50,0,302
50,1,11
50,2,11
50,3,11
50,4,11
50,5,12
50,6,899
50,7,911
50,8,12
50,9,354
50,10,791
50,11,884
50,12,74
50,13,14
50,14,4
50,15,428
50,16,11
50,17,397
50,18,454
50,19,14
50,20,947
51,0,397
51,1,11
51,2,12
51,3,899
51,4,397
51,5,593
51,6,11
51,7,884
51,8,282
51,9,11
51,10,14
51,11,11
51,12,514
51,13,899
51,14,87
51,15,74
51,16,4
51,17,203
51,18,397
51,19,14
51,21,980
52,0,406
52,1,546
52,2,11
52,3,11
52,4,397
52,5,354
52,6,83
52,7,12
52,8,0
52,9,888
52,10,11
52,11,11
52,12,888
52,13,11
52,14,203
52,15,911
52,16,11
52,17,406
52,18,12
52,19,14
52,20,779
53,0,278
53,1,610
53,2,274
53,3,87
53,4,429
53,5,899
53,6,344
53,7,11
53,8,947
53,9,2
53,10,429
53,11,11
53,12,83
53,13,0
53,14,12
53,15,14
53,16,11
53,17,11
53,18,14
53,20,11
53,21,12
54,0,79
54,1,888
54,2,546
54,3,137
54,4,397
54,5,947
54,6,884
54,7,11
54,8,1403
54,9,406
54,10,83
54,11,12
54,12,2
54,13,420
54,14,11
54,15,11
54,16,11
54,17,12
54,18,11
54,19,384
54,22,12
55,0,274
55,1,888
55,2,397
55,3,79
55,4,884
55,5,45
55,6,514
55,7,2
55,8,12
55,9,397
55,10,11
55,11,429
55,12,12
55,13,14
55,15,83
55,16,11
55,17,12
55,18,11
55,20,14
55,21,11
56,0,454
56,1,172
56,2,137
56,3,888
56,4,154
56,5,839
56,6,11
56,7,884
56,8,12
56,9,87
56,10,11
56,11,2
56,12,397
56,13,2
56,14,12
56,15,2
56,17,442
56,18,12
56,20,384
56,21,14
56,22,11
57,0,884
57,1,454
57,2,546
57,3,911
57,4,11
57,5,172
57,6,274
57,7,11
57,8,12
57,9,4
57,10,11
57,11,14
57,12,12
57,13,11
57,14,137
57,15,11
57,16,11
57,17,428
57,19,384
57,20,2
57,21,14
58,0,78
58,1,884
58,2,947
58,3,454
58,4,4
58,5,11
58,6,354
58,7,11
58,8,852
58,9,11
58,10,816
58,11,4
58,12,11
58,13,12
58,14,14
58,15,2
58,16,12
58,18,203
58,19,384
58,20,623
58,21,454
58,22,137
59,0,568
59,1,384
59,2,884
59,3,4
59,4,12
59,5,748
59,6,11
59,7,911
59,8,14
59,9,4
59,10,11
59,11,384
59,12,11
59,13,428
59,14,11
59,15,11
59,17,454
59,18,12
59,19,14
59,21,203
60,0,429
60,1,610
60,2,11
60,3,454
60,4,11
60,5,884
60,6,397
60,7,12
60,8,83
60,9,726
60,10,911
60,11,11
60,13,11
60,14,11
60,15,14
60,16,428
60,17,11
60,18,12
60,20,4
60,21,428
60,22,14
61,0,69
61,1,83
61,2,454
61,3,397
61,4,884
61,5,397
61,6,4
61,7,354
61,8,12
61,9,11
61,10,737
61,11,428
61,12,911
61,13,12
61,14,4
61,15,12
61,16,11
61,17,14
61,19,11
61,20,11
61,22,14
62,0,397
62,1,143
62,2,884
62,3,83
62,4,779
62,5,921
62,6,911
62,7,11
62,8,12
62,9,428
62,10,11
62,11,4
62,12,14
62,13,454
62,14,12
62,15,11
62,16,11
62,17,14
62,19,11
62,21,12
62,22,14
63,0,899
63,1,884
63,2,137
63,3,83
63,4,397
63,5,4
63,6,274
63,7,748
63,8,779
63,9,11
63,10,12
63,11,11
63,12,454
63,13,12
63,14,384
63,15,12
63,16,11
63,17,454
63,18,4
63,19,11
63,20,11
64,0,899
64,1,514
64,2,884
64,3,397
64,4,941
64,5,143
64,6,12
64,7,11
64,8,12
64,9,420
64,10,428
64,11,12
64,12,787
64,13,454
64,14,397
64,15,11
64,16,45
64,17,4
64,18,11
64,19,11
64,20,11
65,0,890
65,1,57
65,2,137
65,3,514
65,4,11
65,5,852
65,6,397
65,7,143
65,8,14
65,9,12
65,10,4
65,11,406
65,12,11
65,13,623
65,14,397
65,15,12
65,16,384
65,17,4
65,18,12
65,19,11
65,20,4
66,0,922
66,1,57
66,2,12
66,3,729
66,4,274
66,5,397
66,6,11
66,7,384
66,8,852
66,9,11
66,10,11
66,11,11
66,12,2
66,13,60
66,14,623
66,15,12
66,16,11
66,17,11
66,18,4
66,19,14
66,20,14
67,0,922
67,1,57
67,2,384
67,3,397
67,4,852
67,5,354
67,6,11
67,7,852
67,8,779
67,9,12
67,10,14
67,11,12
67,12,4
67,13,442
67,14,274
67,15,14
67,16,11
67,17,11
67,18,12
67,19,11
67,20,4
67,22,12
68,0,884
68,1,454
68,2,344
68,3,12
68,4,900
68,5,748
68,6,791
68,7,852
68,8,442
68,9,11
68,10,11
68,11,11
68,12,12
68,13,12
68,14,12
68,15,11
68,16,2
68,17,14
68,18,14
68,19,203
68,20,11
68,22,12
69,0,406
69,1,884
69,2,203
69,3,12
69,4,888
69,5,454
69,6,14
69,7,713
69,8,726
69,9,428
69,10,11
69,11,11
69,12,11
69,13,12
69,14,14
69,15,11
69,16,11
69,17,454
69,18,11
69,19,203
69,20,12
70,0,14
70,1,454
70,2,203
70,3,501
70,4,83
70,5,884
70,6,454
70,7,852
70,8,12
70,9,12
70,10,11
70,11,11
70,12,974
70,13,11
70,14,203
70,15,11
70,16,14
70,17,11
70,18,11
70,19,11
70,21,546
71,0,501
71,1,397
71,2,14
71,3,454
71,4,166
71,5,852
71,6,12
71,7,884
71,8,11
71,9,12
71,10,14
71,11,45
71,12,12
71,13,2
71,14,68
71,15,137
71,16,12
71,17,11
71,18,11
71,19,4
71,20,14
72,0,11
72,1,11
72,2,397
72,3,884
72,4,354
72,5,852
72,6,384
72,7,83
72,8,11
72,9,4
72,10,501
72,11,12
72,12,397
72,13,12
72,14,748
72,15,11
72,16,4
72,17,137
72,18,11
72,19,11
72,20,14
73,0,888
73,1,556
73,2,4
73,3,11
73,4,11
73,5,274
73,6,83
73,7,852
73,8,12
73,9,60
73,10,546
73,11,454
73,12,14
73,13,884
73,14,397
73,15,12
73,16,11
73,17,12
73,18,11
73,19,11
73,21,14
74,0,69
74,1,137
74,2,4
74,3,397
74,4,884
74,5,12
74,6,384
74,7,852
74,8,11
74,9,354
74,10,699
74,11,11
74,12,1075
74,13,428
74,14,12
74,15,14
74,16,11
74,17,12
74,18,11
74,19,704
74,20,11
74,21,14
75,0,556
75,1,890
75,2,397
75,3,354
75,4,4
75,5,12
75,6,11
75,7,852
75,8,11
75,9,779
75,10,11
75,11,12
75,12,428
75,13,11
75,14,384
75,15,11
75,16,14
75,17,11
75,18,11
75,19,466
75,20,428
75,22,14
76,0,429
76,1,884
76,2,556
76,3,12
76,4,12
76,5,852
76,6,762
76,7,344
76,8,514
76,9,4
76,10,384
76,11,11
76,12,11
76,13,11
76,14,397
76,15,11
76,16,203
76,17,12
76,18,428
76,19,466
76,20,11
76,21,14
77,0,397
77,1,12
77,2,12
77,3,852
77,4,514
77,5,12
77,6,14
77,7,884
77,8,556
77,9,4
77,10,2
77,11,14
77,12,354
77,13,14
77,14,2
77,15,203
77,16,11
77,17,11
77,18,12
77,19,428
77,21,14
77,22,12
77,24,466
78,0,397
78,1,899
78,2,454
78,3,514
78,4,12
78,5,12
78,6,884
78,7,12
78,8,454
78,9,14
78,10,4
78,11,203
78,12,11
78,13,556
78,14,428
78,15,428
78,16,11
78,17,2
78,18,11
78,19,466
78,21,14
78,22,12
79,0,852
79,1,12
79,2,428
79,3,11
79,4,397
79,5,203
79,6,884
79,7,397
79,8,11
79,9,12
79,10,623
79,11,4
79,12,12
79,13,454
79,14,428
79,15,514
79,16,11
79,17,726
79,18,11
79,19,14
79,21,466
80,0,852
80,1,203
80,2,884
80,3,888
80,4,12
80,5,397
80,6,384
80,7,12
80,8,726
80,9,83
80,10,11
80,11,60
80,12,397
80,13,2
80,14,12
80,15,11
80,16,11
80,17,397
80,18,791
80,19,2
80,20,11
81,0,143
81,1,397
81,2,60
81,3,790
81,4,852
81,5,884
81,6,11
81,7,556
81,8,11
81,9,335
81,10,12
81,11,12
81,12,14
81,13,454
81,14,11
81,15,454
81,16,2
81,17,12
81,18,779
81,19,11
81,20,466
81,22,11
82,0,143
82,1,11
82,2,60
82,3,12
82,4,397
82,5,688
82,6,884
82,7,921
82,8,11
82,9,11
82,10,514
82,11,83
82,12,2
82,13,12
82,14,14
82,15,12
82,16,14
82,17,852
82,18,14
82,19,11
82,21,63
82,22,11
83,0,11
83,1,203
83,2,274
83,3,11
83,4,45
83,5,406
83,6,911
83,7,12
83,8,787
83,9,884
83,10,14
83,11,852
83,12,514
83,13,14
83,14,12
83,15,74
83,16,14
83,17,11
83,19,14
83,21,11
83,22,11
83,23,12
84,0,11
84,1,579
84,2,354
84,3,354
84,4,397
84,5,14
84,6,884
84,7,888
84,8,852
84,9,514
84,10,11
84,11,787
84,12,12
84,13,14
84,14,12
84,15,428
84,17,14
84,18,14
84,20,12
84,21,2
85,0,911
85,1,11
85,2,731
85,3,454
85,4,610
85,5,397
85,6,12
85,7,579
85,8,428
85,9,12
85,10,11
85,11,354
85,12,4
85,13,14
85,14,12
85,15,14
85,17,11
85,18,12
85,19,428
85,21,11
85,22,11
86,0,852
86,1,83
86,2,12
86,3,922
86,4,546
86,5,171
86,6,384
86,7,12
86,8,14
86,9,14
86,10,203
86,11,11
86,12,4
86,13,11
86,14,623
86,15,11
86,16,11
86,17,14
86,18,12
86,19,428
86,20,466
86,21,14
87,0,800
87,1,12
87,2,12
87,3,884
87,4,384
87,5,4
87,6,11
87,7,171
87,8,14
87,9,11
87,10,420
87,11,12
87,12,203
87,13,12
87,14,14
87,15,514
87,16,428
87,17,11
87,18,4
87,19,11
87,21,428
88,0,852
88,1,83
88,2,12
88,3,12
88,4,384
88,5,454
88,6,884
88,7,68
88,8,11
88,9,83
88,10,14
88,11,14
88,12,748
88,13,12
88,14,344
88,16,11
88,18,11
88,19,4
88,20,12
88,22,397
88,23,779
89,0,203
89,1,884
89,2,397
89,3,911
89,4,83
89,5,397
89,6,12
89,7,14
89,8,12
89,9,4
89,10,354
89,11,12
89,12,11
89,13,726
89,14,11
89,15,514
89,16,11
89,17,11
89,19,14
89,20,12
90,0,5
90,1,143
90,2,397
90,3,888
90,4,274
90,5,428
90,6,2
90,7,514
90,8,911
90,9,12
90,10,11
90,11,11
90,12,14
90,13,974
90,14,11
90,15,11
90,17,12
90,18,12
90,19,11
90,22,14
91,0,60
91,1,137
91,2,397
91,3,514
91,4,884
91,5,83
91,6,911
91,7,726
91,8,1105
91,9,12
91,10,2
91,11,12
91,12,14
91,13,11
91,14,12
91,16,11
91,17,11
91,18,12
91,19,14
91,22,11
92,0,137
92,1,884
92,2,293
92,3,514
92,4,14
92,5,911
92,6,748
92,7,384
92,8,14
92,9,2
92,10,14
92,11,12
92,12,12
92,13,11
92,15,11
92,16,12
92,17,11
92,18,2
92,19,442
92,20,12
93,0,890
93,1,899
93,2,14
93,3,748
93,4,137
93,5,137
93,6,397
93,7,12
93,8,384
93,9,514
93,10,454
93,11,11
93,13,11
93,14,11
93,15,14
93,16,2
93,17,11
93,18,11
93,19,12
93,20,12
93,23,466
94,0,890
94,1,800
94,2,454
94,3,354
94,4,12
94,5,14
94,6,384
94,7,748
94,8,454
94,9,637
94,10,354
94,11,11
94,12,2
94,13,11
94,14,514
94,16,14
94,17,11
94,18,11
94,19,11
94,20,12
94,22,466
95,0,890
95,1,137
95,2,12
95,3,852
95,4,384
95,5,454
95,6,14
95,7,14
95,8,14
95,9,11
95,10,4
95,11,1075
95,12,11
95,14,11
95,15,12
95,17,11
95,18,637
95,19,274
95,20,12
95,21,726
95,23,466
96,0,946
96,1,899
96,2,11
96,3,384
96,4,2
96,5,14
96,6,428
96,7,14
96,8,397
96,9,11
96,10,623
96,11,12
96,12,514
96,13,11
96,16,2
96,17,11
96,18,12
96,19,12
96,20,11
96,21,203
96,23,726
97,0,688
97,1,884
97,2,2
97,3,790
97,4,384
97,5,14
97,6,514
97,7,203
97,9,428
97,11,12
97,12,11
97,13,2
97,15,14
97,16,12
97,17,12
97,18,12
97,19,11
97,20,11
97,21,921
97,22,203
97,23,12
98,0,514
98,1,203
98,2,884
98,3,778
98,4,4
98,5,83
98,6,384
98,8,428
98,9,800
98,10,593
98,11,14
98,13,12
98,14,11
98,15,12
98,16,11
98,17,14
98,19,748
98,20,12
98,21,11
98,22,12
98,23,11
99,0,203
99,1,546
99,2,344
99,3,884
99,4,4
99,5,359
99,7,397
99,8,12
99,9,888
99,10,14
99,11,12
99,12,899
99,13,12
99,15,11
99,16,11
99,17,12
99,18,12
99,19,726
99,20,12
99,21,11
99,22,11
100,0,2
100,1,274
100,2,137
100,3,884
100,4,514
100,5,888
100,6,384
100,7,12
100,8,83
100,9,14
100,10,11
100,12,384
100,14,748
100,15,11
100,16,2
100,17,12
100,18,12
100,20,2
100,21,12
100,22,14
101,0,2
101,1,274
101,2,884
101,3,888
101,4,137
101,5,12
101,6,384
101,7,748
101,8,14
101,9,83
101,10,11
101,13,514
101,14,12
101,15,14
101,16,11
101,17,12
101,18,12
101,19,11
101,21,14
101,22,12
102,0,274
102,1,2
102,2,12
102,3,661
102,4,911
102,5,748
102,6,11
102,7,137
102,8,384
102,9,11
102,10,428
102,11,14
102,12,11
102,13,12
102,16,974
102,17,14
102,18,12
102,20,12
103,0,12
103,1,911
103,2,2
103,3,890
103,4,384
103,5,60
103,6,567
103,8,137
103,9,11
103,10,514
103,11,12
103,12,623
103,13,14
103,15,14
103,16,11
103,17,12
103,18,12
103,20,12
103,21,466
103,22,11
104,0,12
104,1,911
104,2,890
104,3,137
104,4,514
104,5,384
104,6,726
104,7,14
104,8,83
104,9,11
104,10,11
104,13,442
104,14,14
104,15,12
104,16,12
104,17,14
104,18,344
104,20,11
105,0,625
105,1,14
105,2,14
105,3,800
105,4,884
105,5,514
105,6,384
105,7,137
105,8,737
105,9,11
105,10,12
105,11,354
105,12,383
105,13,11
105,14,12
105,15,2
105,17,12
105,18,466
105,21,12
106,0,429
106,1,14
106,2,890
106,3,137
106,4,546
106,5,14
106,6,397
106,7,888
106,8,428
106,9,2
106,10,203
106,11,11
106,12,12
106,13,11
106,15,2
106,16,12
106,17,12
106,18,748
106,19,11
107,0,14
107,1,397
107,2,344
107,3,5
107,4,74
107,5,354
107,6,546
107,7,888
107,8,12
107,9,12
107,10,12
107,11,12
107,12,11
107,13,2
107,15,11
107,16,14
107,17,921
107,18,12
107,19,11
107,21,466
108,0,14
108,1,137
108,2,12
108,3,884
108,4,83
108,5,100
108,6,11
108,7,428
108,8,384
108,9,12
108,10,14
108,11,964
108,12,12
108,13,2
108,15,514
108,16,12
108,17,11
108,18,12
108,20,2
108,22,12
109,0,12
109,1,60
109,2,397
109,3,14
109,4,11
109,5,5
109,6,1403
109,7,428
109,8,1075
109,9,428
109,10,12
109,12,14
109,13,2
109,14,12
109,15,931
109,16,11
109,18,12
109,19,12
109,21,12
110,0,911
110,1,11
110,2,384
110,3,60
110,4,14
110,5,12
110,6,884
110,7,514
110,8,428
110,9,4
110,10,748
110,12,12
110,13,12
110,14,11
110,15,11
110,16,12
110,17,12
110,18,11
110,20,12
110,22,466
111,0,12
111,1,12
111,2,11
111,3,514
111,4,890
111,5,384
111,6,14
111,7,748
111,8,800
111,9,60
111,10,344
111,11,726
111,12,14
111,13,442
111,14,11
111,15,12
111,16,12
111,18,12
111,19,12
111,20,12
111,21,12
111,22,466
112,0,799
112,1,12
112,2,800
112,3,890
112,4,384
112,5,354
112,6,429
112,7,12
112,8,514
112,9,787
112,10,11
112,11,11
112,12,12
112,13,354
112,14,11
112,15,12
112,16,428
112,18,12
112,19,12
112,22,14
113,0,501
113,1,384
113,2,890
113,3,12
113,4,354
113,5,406
113,6,171
113,7,760
113,8,14
113,9,12
113,10,4
113,11,11
113,12,344
113,13,11
113,14,12
113,16,12
113,17,12
113,18,11
113,19,442
113,20,11
113,21,12
113,22,466
114,0,397
114,1,397
114,2,68
114,3,14
114,4,884
114,5,11
114,6,737
114,7,12
114,8,760
114,9,4
114,10,12
114,12,12
114,13,11
114,14,12
114,15,11
114,16,344
114,17,12
114,18,12
114,19,442
114,21,2
114,22,11
115,0,884
115,1,14
115,2,354
115,3,12
115,4,11
115,5,12
115,6,397
115,7,748
115,8,83
115,9,888
115,10,344
115,11,12
115,12,699
115,13,12
115,14,11
115,15,442
115,16,11
115,17,11
115,19,12
115,21,12
116,0,137
116,1,884
116,2,397
116,3,800
116,4,899
116,5,397
116,6,737
116,7,2
116,8,12
116,9,12
116,10,12
116,11,203
116,12,11
116,13,1075
116,14,11
116,15,12
116,17,12
116,18,442
116,19,12
116,20,11
117,0,384
117,1,884
117,2,274
117,3,203
117,4,582
117,5,582
117,6,737
117,7,2
117,8,11
117,9,100
117,10,12
117,11,11
117,12,12
117,13,74
117,14,12
117,15,12
117,16,14
117,18,12
117,20,12
117,21,466
117,22,11
118,0,12
118,1,884
118,2,137
118,3,137
118,4,514
118,5,384
118,6,888
118,7,12
118,8,344
118,9,11
118,10,2
118,11,748
118,12,14
118,13,12
118,14,11
118,15,12
118,16,11
118,17,11
118,18,12
118,19,12
118,22,14
118,23,466
119,0,137
119,1,514
119,2,12
119,3,911
119,4,137
119,5,704
119,6,12
119,7,884
119,8,11
119,9,4
119,10,344
119,11,12
119,12,12
119,13,11
119,14,14
119,15,737
119,16,12
119,17,11
119,18,12
119,19,14
119,21,12
120,0,12
120,1,428
120,2,397
120,3,911
120,4,884
120,5,60
120,6,11
120,7,14
120,8,688
120,9,12
120,10,12
120,11,11
120,12,748
120,13,11
120,14,4
120,15,12
120,16,428
120,17,11
120,19,12
120,20,12
120,22,466
121,0,514
121,1,725
121,2,884
121,3,12
121,4,12
121,5,274
121,6,397
121,7,57
121,8,14
121,9,11
121,10,12
121,11,2
121,12,12
121,13,12
121,14,344
121,15,623
121,16,12
121,17,11
121,18,14
121,20,12
121,21,14
122,0,397
122,1,890
122,2,787
122,3,14
122,4,582
122,5,354
122,6,14
122,7,2
122,8,428
122,9,100
122,10,726
122,11,11
122,12,397
122,13,12
122,14,12
122,16,11
122,17,11
122,18,442
122,19,12
122,20,12
122,22,12
123,0,314
123,1,884
123,2,748
123,3,384
123,4,582
123,5,428
123,6,14
123,7,83
123,8,11
123,9,428
123,10,11
123,12,12
123,13,11
123,14,514
123,15,442
123,16,12
123,17,11
123,18,12
123,19,12
123,20,12
123,21,12
123,22,12
123,23,466
124,0,397
124,1,302
124,2,884
124,3,428
124,4,12
124,5,2
124,6,1075
124,7,203
124,8,1403
124,9,737
124,10,12
124,11,11
124,12,83
124,14,12
124,15,11
124,16,12
124,17,11
124,18,12
124,19,11
124,20,12
124,21,12
125,0,397
125,1,384
125,2,514
125,3,428
125,4,83
125,5,83
125,6,428
125,7,12
125,8,11
125,9,12
125,10,931
125,11,12
125,12,11
125,13,12
125,15,993
125,16,11
125,17,11
125,18,1403
125,19,12
125,20,12
125,21,12
126,0,1075
126,1,397
126,2,406
126,3,137
126,4,428
126,5,12
126,6,335
126,7,4
126,8,1403
126,9,11
126,10,737
126,11,11
126,13,11
126,14,11
126,15,12
126,16,12
126,17,12
126,18,12
126,19,14
126,20,884
126,21,240
126,22,12
127,0,384
127,1,428
127,2,428
127,3,384
127,4,582
127,5,87
127,6,74
127,7,4
127,8,11
127,9,737
127,10,11
127,12,12
127,13,11
127,14,11
127,15,12
127,16,12
127,17,12
127,18,12
127,21,884
128,0,760
128,1,465
128,2,137
128,3,899
128,4,2
128,5,428
128,6,14
128,7,384
128,8,11
128,9,11
128,10,726
128,11,12
128,13,11
128,14,11
128,15,12
128,16,12
128,18,12
128,19,12
128,20,884
128,21,12
129,0,699
129,1,278
129,2,282
129,3,451
129,4,4
129,5,899
129,6,11
129,7,14
129,8,12
129,9,737
129,10,11
129,11,74
129,12,11
129,13,12
129,15,12
129,16,12
129,17,884
129,18,12
129,19,14
129,20,240
130,0,699
130,1,137
130,2,354
130,3,384
130,4,884
130,5,384
130,6,11
130,7,2
130,8,737
130,9,2
130,10,12
130,11,11
130,12,14
130,13,12
130,14,428
130,15,11
130,16,12
130,18,12
130,19,12
130,20,12
130,21,466
131,0,699
131,1,947
131,2,11
131,3,12
131,4,884
131,5,704
131,6,397
131,7,428
131,8,11
131,9,137
131,10,11
131,11,4
131,12,12
131,13,14
131,14,428
131,15,12
131,17,12
131,18,12
131,20,12
131,22,911
131,23,240
131,24,11
132,0,11
132,1,2
132,2,637
132,3,45
132,4,397
132,5,14
132,6,884
132,7,137
132,8,12
132,9,12
132,10,4
132,11,428
132,12,12
132,13,11
132,14,12
132,15,14
132,16,12
132,17,100
132,18,12
132,21,442
132,22,466
133,0,884
133,1,11
133,2,397
133,3,2
133,4,12
133,5,397
133,6,203
133,7,11
133,8,726
133,9,100
133,10,12
133,11,14
133,12,688
133,13,11
133,14,12
133,15,12
133,16,12
133,17,428
133,19,11
133,21,623
133,23,466
134,0,397
134,1,884
134,2,302
134,3,12
134,4,911
134,5,2
134,6,12
134,7,12
134,8,12
134,9,12
134,10,203
134,11,582
134,12,737
134,13,1403
134,14,428
134,15,14
134,16,428
134,17,11
134,18,12
134,20,466
134,22,704
135,0,514
135,1,397
135,2,884
135,3,397
135,4,12
135,5,1403
135,6,12
135,7,203
135,8,12
135,9,726
135,10,12
135,11,428
135,12,12
135,13,428
135,14,2
135,15,14
135,16,11
135,18,12
135,19,11
135,20,12
135,22,466
135,23,704
136,0,454
136,1,514
136,2,240
136,3,83
136,4,428
136,5,884
136,6,1403
136,7,12
136,8,428
136,9,12
136,10,11
136,11,748
136,12,2
136,13,12
136,14,12
136,15,11
136,16,12
136,17,12
136,19,14
136,20,12
136,22,466
136,23,466
137,0,302
137,1,884
137,2,428
137,3,1403
137,4,12
137,5,467
137,6,467
137,7,704
137,8,100
137,9,2
137,10,726
137,11,12
137,12,12
137,13,748
137,14,11
137,15,12
137,16,12
137,17,12
137,19,12
137,20,14
137,23,466
138,0,593
138,1,884
138,2,397
138,3,354
138,4,428
138,5,12
138,6,83
138,7,704
138,8,83
138,10,12
138,11,12
138,12,11
138,13,748
138,14,12
138,15,11
138,17,12
138,18,12
138,19,12
138,21,14
138,22,11
139,0,884
139,1,637
139,2,274
139,3,418
139,4,83
139,5,12
139,6,314
139,7,384
139,8,748
139,9,83
139,11,11
139,12,11
139,13,11
139,14,12
139,15,11
139,16,12
139,17,12
139,18,911
139,19,12
139,21,12
139,22,14
139,23,466
139,24,466
140,0,884
140,1,593
140,2,921
140,3,274
140,4,87
140,5,74
140,6,83
140,7,11
140,8,11
140,9,12
140,10,11
140,11,11
140,12,364
140,13,704
140,14,12
140,15,12
140,16,12
140,17,14
140,20,14
140,21,12
140,22,12
140,23,466
140,24,240
140,25,466
141,0,884
141,1,726
141,2,899
141,3,593
141,4,60
141,5,11
141,6,83
141,7,12
141,8,12
141,9,12
141,10,74
141,11,11
141,12,11
141,13,704
141,14,428
141,15,12
141,16,12
141,18,14
141,20,12
141,21,12
141,22,11
141,23,289
141,24,704
142,0,890
142,1,274
142,2,899
142,3,428
142,4,774
142,5,454
142,6,11
142,8,14
142,9,12
142,10,704
142,11,704
142,12,12
142,13,428
142,14,799
142,15,11
142,16,12
142,18,12
142,19,11
142,20,12
142,21,12
142,22,12
142,23,397
142,24,466
142,25,466
143,0,274
143,1,884
143,2,83
143,3,899
143,4,428
143,5,704
143,6,12
143,7,931
143,8,466
143,9,454
143,10,11
143,11,12
143,12,11
143,13,12
143,14,428
143,15,12
143,16,12
143,17,12
143,19,12
143,20,11
143,21,12
143,23,289
143,24,466
144,0,60
144,1,911
144,2,454
144,3,428
144,4,384
144,5,884
144,6,748
144,7,12
144,8,12
144,9,2
144,10,11
144,11,12
144,13,12
144,14,11
144,15,12
144,16,466
144,17,442
144,18,12
144,19,12
144,20,11
144,21,12
144,23,302
144,24,704
145,0,454
145,1,274
145,2,726
145,3,466
145,4,993
145,5,428
145,6,514
145,7,2
145,8,12
145,9,12
145,10,11
145,11,14
145,12,12
145,13,12
145,15,12
145,16,428
145,17,704
145,18,12
145,19,12
145,20,397
146,0,593
146,1,354
146,2,884
146,3,737
146,4,68
146,5,704
146,6,11
146,7,2
146,8,14
146,9,11
146,11,11
146,12,12
146,13,12
146,14,14
146,15,623
146,16,12
146,17,12
146,18,12
146,21,12
146,22,466
146,23,12
146,24,289
147,0,593
147,1,1124
147,2,737
147,3,884
147,4,137
147,5,12
147,6,14
147,7,100
147,8,12
147,9,2
147,10,240
147,11,466
147,12,12
147,14,11
147,15,493
147,16,12
147,17,12
147,18,12
147,19,12
147,22,10
147,23,2
148,0,12
148,1,364
148,2,637
148,3,884
148,4,737
148,5,100
148,6,12
148,7,12
148,8,12
148,9,344
148,10,428
148,11,2
148,12,11
148,13,12
148,14,704
148,15,2
148,16,466
148,17,12
148,19,2
148,20,12
148,21,12
148,22,466
148,25,397
149,0,890
149,1,593
149,2,451
149,3,911
149,4,45
149,5,12
149,6,12
149,7,12
149,8,12
149,9,428
149,10,12
149,11,11
149,12,83
149,13,11
149,14,2
149,16,704
149,17,302
149,18,2
149,19,12
149,20,12
149,21,397
149,22,12
149,24,704
150,0,14
150,1,514
150,2,869
150,3,12
150,4,397
150,5,11
150,6,428
150,7,921
150,8,582
150,10,83
150,11,12
150,12,12
150,13,354
150,14,11
150,15,12
150,16,2
150,17,11
150,18,704
150,19,12
150,20,12
150,21,12
150,23,466
151,0,890
151,1,14
151,2,302
151,3,974
151,4,1399
151,5,12
151,6,428
151,7,83
151,9,12
151,10,83
151,11,582
151,12,12
151,13,87
151,14,12
151,15,11
151,16,704
151,17,11
151,18,11
151,19,12
151,20,12
151,21,466
151,22,12
151,24,466
151,25,547
152,0,890
152,1,344
152,2,14
152,3,83
152,4,428
152,5,11
152,6,12
152,7,921
152,8,12
152,9,4
152,10,593
152,11,428
152,13,397
152,14,12
152,15,704
152,16,12
152,17,11
152,18,11
152,19,899
152,20,12
152,21,704
152,22,397
152,23,505
152,25,12
153,0,274
153,1,2
153,2,890
153,3,11
153,4,14
153,5,83
153,6,582
153,7,11
153,8,12
153,9,748
153,10,428
153,12,12
153,13,12
153,14,397
153,15,704
153,16,12
153,17,11
153,18,11
153,19,12
153,21,289
153,22,466
153,23,12
153,24,547
154,0,60
154,1,922
154,2,83
154,3,570
154,4,12
154,5,428
154,7,11
154,8,737
154,9,888
154,10,428
154,11,14
154,12,12
154,13,397
154,14,12
154,15,11
154,16,12
154,17,12
154,18,14
154,19,12
154,20,12
154,21,289
154,22,11
154,24,626
154,25,12
155,0,884
155,1,137
155,2,12
155,3,83
155,4,428
155,5,100
155,6,570
155,7,12
155,8,428
155,9,397
155,10,737
155,11,14
155,12,4
155,13,2
155,14,12
155,15,11
155,16,12
155,18,12
155,19,12
155,20,76
155,21,12
155,22,14
155,24,14
156,0,11
156,1,884
156,2,83
156,3,274
156,4,216
156,5,12
156,6,12
156,7,12
156,8,593
156,10,11
156,11,4
156,12,12
156,13,14
156,14,11
156,15,12
156,16,737
156,17,12
156,18,12
156,19,428
156,20,397
156,21,384
156,22,76
156,23,289
156,25,704
157,0,888
157,1,344
157,2,60
157,3,12
157,4,726
157,5,12
157,6,884
157,7,11
157,8,12
157,9,14
157,10,11
157,11,454
157,13,12
157,14,12
157,15,12
157,16,397
157,17,302
157,18,4
157,19,76
157,20,737
157,22,466
157,23,466
157,24,12
158,0,888
158,1,354
158,2,2
158,3,60
158,4,12
158,5,12
158,6,14
158,7,884
158,8,1403
158,9,12
158,10,12
158,11,12
158,12,384
158,13,12
158,14,289
158,16,11
158,18,76
158,19,11
158,20,737
158,21,704
158,22,2
159,0,354
159,1,911
159,2,12
159,3,1082
159,4,14
159,5,884
159,6,726
159,7,12
159,8,12
159,9,582
159,10,12
159,11,12
159,12,12
159,13,289
159,15,623
159,16,11
159,17,931
159,18,384
159,20,76
159,21,466
159,22,11
159,23,704
160,0,1075
160,1,467
160,2,12
160,3,799
160,4,14
160,5,884
160,6,12
160,7,137
160,8,12
160,9,2
160,10,12
160,11,12
160,12,582
160,13,428
160,14,12
160,15,76
160,18,14
160,19,14
160,20,2
160,21,12
160,22,11
160,23,466
161,0,514
161,1,1124
161,2,884
161,3,12
161,4,799
161,5,14
161,6,12
161,7,344
161,8,12
161,9,582
161,10,12
161,11,12
161,12,12
161,13,2
161,14,428
161,15,12
161,16,11
161,18,466
161,19,240
161,20,11
161,21,76
161,22,2
161,23,466
162,0,884
162,1,748
162,2,12
162,3,911
162,4,344
162,5,582
162,6,14
162,7,14
162,8,12
162,9,492
162,10,12
162,11,12
162,12,2
162,13,12
162,14,428
162,15,2
162,16,397
162,17,12
162,19,384
162,20,11
162,21,76
162,22,466
163,0,582
163,1,954
163,2,931
163,3,14
163,4,12
163,5,12
163,6,364
163,7,12
163,8,888
163,9,370
163,10,1399
163,11,2
163,12,466
163,13,2
163,14,12
163,15,12
163,16,12
163,18,12
163,19,11
163,20,626
163,21,10
163,22,466
164,0,582
164,1,12
164,2,884
164,3,12
164,4,931
164,5,451
164,6,12
164,7,74
164,8,428
164,9,911
164,10,14
164,11,397
164,12,12
164,13,11
164,14,12
164,15,11
164,16,2
164,18,12
164,19,397
164,20,76
164,22,10
165,0,12
165,1,884
165,2,354
165,3,12
165,4,354
165,5,12
165,6,911
165,7,466
165,8,582
165,9,11
165,10,344
165,11,2
165,12,737
165,13,4
165,14,12
165,15,12
165,16,14
165,17,12
165,19,10
165,21,278
166,0,12
166,1,344
166,2,100
166,3,428
166,4,11
166,5,884
166,6,12
166,7,14
166,8,2
166,9,12
166,10,11
166,11,12
166,12,582
166,13,737
166,14,14
166,15,60
166,17,12
166,18,12
166,19,76
166,20,83
166,21,704
166,22,240
166,23,10
167,0,274
167,1,100
167,2,11
167,3,11
167,4,2
167,5,2
167,6,14
167,7,884
167,8,12
167,10,454
167,11,428
167,12,4
167,13,12
167,14,14
167,15,12
167,16,737
167,17,60
167,18,466
167,19,76
167,20,289
168,0,11
168,1,559
168,2,514
168,3,2
168,5,884
168,6,12
168,7,428
168,8,14
168,9,344
168,10,11
168,11,737
168,12,14
168,13,1036
168,14,2
168,15,4
168,16,12
168,17,12
168,18,12
168,19,384
168,20,76
169,0,559
169,1,12
169,2,466
169,3,11
169,4,4
169,6,14
169,7,888
169,8,428
169,9,737
169,10,154
169,11,344
169,12,4
169,13,884
169,14,12
169,15,2
169,16,11
169,17,12
169,18,384
169,19,76
169,20,12
169,21,12
169,22,704
169,23,384
170,0,12
170,1,12
170,2,559
170,3,2
170,4,466
170,5,888
170,7,921
170,8,14
170,9,428
170,10,12
170,11,11
170,12,661
170,13,68
170,14,60
170,15,4
170,16,12
170,17,2
170,18,397
170,19,384
170,20,704
170,21,12
170,22,12
171,0,12
171,1,559
171,2,12
171,3,466
171,4,2
171,5,14
171,6,11
171,7,737
171,8,354
171,10,11
171,11,11
171,12,60
171,13,428
171,14,884
171,15,12
171,16,2
171,17,12
171,18,289
171,19,12
171,20,466
171,21,10
172,0,12
172,1,699
172,2,466
172,3,418
172,4,921
172,5,2
172,6,11
172,7,14
172,8,12
172,9,884
172,10,60
172,11,11
172,12,428
172,14,12
172,15,4
172,16,12
172,17,14
172,18,2
172,19,397
172,20,384
172,21,704
172,22,12
173,0,60
173,1,12
173,2,748
173,3,14
173,4,14
173,5,454
173,6,2
173,7,11
173,8,1269
173,9,884
173,10,12
173,11,12
173,12,12
173,13,442
173,14,14
173,15,11
173,16,2
173,18,11
173,19,12
173,20,466
173,21,384
173,22,466
174,0,853
174,1,931
174,2,12
174,3,14
174,4,890
174,5,1403
174,6,726
174,7,14
174,8,14
174,9,14
174,10,137
174,11,12
174,12,12
174,13,428
174,14,12
174,15,11
174,16,11
174,19,10
174,20,12
174,21,384
174,22,466
174,23,12
175,0,354
175,1,12
175,2,661
175,3,748
175,4,83
175,5,12
175,6,12
175,7,911
175,8,14
175,9,344
175,10,582
175,11,12
175,12,12
175,14,14
175,15,442
175,16,11
175,17,2
175,18,12
175,19,10
175,20,384
175,21,12
175,22,397
176,0,12
176,1,661
176,2,354
176,3,12
176,4,14
176,5,931
176,6,623
176,7,12
176,8,911
176,9,11
176,10,428
176,11,137
176,12,12
176,14,1403
176,15,12
176,16,14
176,17,12
176,18,2
176,19,12
176,20,278
176,21,10
176,22,240
177,0,12
177,1,560
177,2,11
177,3,12
177,4,428
177,5,12
177,6,2
177,7,921
177,8,11
177,9,14
177,10,1403
177,11,428
177,13,274
177,14,11
177,15,12
177,16,2
177,17,14
177,18,240
177,19,12
177,20,14
177,21,10
177,22,289
178,0,946
178,1,12
178,2,12
178,3,478
178,4,2
178,5,11
178,6,737
178,7,428
178,8,466
178,9,582
178,10,11
178,11,11
178,13,12
178,14,11
178,15,14
178,16,1269
178,17,14
178,18,12
178,19,384
178,20,12
178,21,384
178,22,76
178,23,12
178,24,466
179,0,946
179,1,418
179,2,12
179,3,12
179,4,83
179,5,11
179,6,11
179,7,14
179,8,11
179,9,593
179,10,344
179,11,911
179,12,964
179,13,12
179,15,274
179,16,14
179,17,14
179,18,12
179,19,384
179,20,2
179,22,240
179,23,12
180,0,451
180,1,593
180,2,11
180,3,14
180,4,922
180,5,12
180,6,4
180,7,2
180,8,11
180,9,12
180,10,12
180,11,12
180,12,911
180,13,2
180,14,344
180,15,737
180,16,274
180,18,14
180,19,1403
180,20,384
180,21,384
180,23,626
181,0,418
181,1,593
181,2,11
181,3,954
181,4,11
181,5,4
181,6,12
181,7,726
181,8,466
181,9,428
181,10,12
181,11,931
181,12,11
181,13,100
181,14,12
181,15,14
181,16,384
181,17,14
181,19,12
181,20,274
181,21,384
182,0,593
182,1,451
182,2,11
182,3,884
182,4,11
182,5,748
182,6,428
182,7,2
182,8,274
182,9,14
182,10,14
182,11,911
182,12,4
182,13,12
182,14,11
182,15,12
182,17,12
182,18,384
182,19,12
182,20,466
183,0,582
183,1,344
183,2,274
183,3,12
183,4,884
183,5,14
183,6,737
183,7,4
183,8,11
183,9,14
183,10,428
183,11,2
183,12,11
183,13,11
183,14,12
183,15,384
183,16,12
183,18,240
183,19,12
183,20,12
183,21,10
184,0,14
184,1,428
184,2,14
184,3,737
184,4,354
184,5,884
184,6,14
184,7,344
184,8,11
184,9,582
184,10,11
184,11,726
184,12,2
184,13,302
184,14,11
184,15,12
184,16,12
184,18,240
184,19,12
184,20,12
184,21,12
184,22,12
185,0,14
185,1,428
185,2,931
185,3,14
185,4,83
185,5,428
185,6,582
185,7,68
185,8,884
185,9,12
185,10,4
185,11,12
185,12,11
185,13,11
185,14,2
185,15,12
185,16,12
185,18,240
185,19,12
185,20,420
185,21,10
185,22,626
186,0,418
186,1,1403
186,2,83
186,3,748
186,4,14
186,5,12
186,6,137
186,7,890
186,8,11
186,9,14
186,10,12
186,11,428
186,12,12
186,13,2
186,14,11
186,16,302
186,17,11
186,18,12
186,19,12
186,20,240
186,21,76
186,22,10
187,0,503
187,1,2
187,2,79
187,3,726
187,4,1403
187,5,884
187,6,14
187,7,11
187,8,14
187,9,12
187,10,442
187,11,12
187,12,12
187,13,12
187,14,11
187,15,12
187,16,11
187,18,240
187,19,2
187,20,12
187,22,704
187,23,626
188,0,503
188,1,154
188,2,1403
188,3,14
188,4,2
188,5,737
188,6,12
188,7,954
188,8,14
188,9,11
188,10,4
188,11,12
188,12,442
188,13,14
188,14,12
188,15,11
188,16,12
188,18,314
188,19,466
188,20,10
188,21,12
188,22,4
188,23,14
188,24,704
188,25,626
189,0,20
189,1,1403
189,2,503
189,3,884
189,4,4
189,5,12
189,6,14
189,7,12
189,8,11
189,9,14
189,10,726
189,11,83
189,12,14
189,13,11
189,14,314
189,15,12
189,17,12
189,18,344
189,19,12
189,20,12
189,22,704
190,0,137
190,1,12
190,2,428
190,3,884
190,4,737
190,5,12
190,6,14
190,7,1403
190,8,11
190,9,11
190,10,12
190,11,726
190,13,14
190,14,11
190,15,12
190,16,12
190,17,428
190,18,302
190,19,12
190,20,76
190,21,12
190,23,12
190,24,384
190,25,704
191,0,582
191,1,274
191,2,884
191,3,12
191,4,726
191,5,12
191,6,11
191,7,14
191,8,726
191,9,314
191,10,478
191,11,12
191,12,14
191,14,11
191,15,12
191,16,12
191,17,12
191,18,11
191,19,76
191,20,493
191,21,12
191,22,14
192,0,593
192,1,623
192,2,12
192,3,884
192,4,12
192,5,14
192,6,726
192,7,11
192,8,12
192,9,2
192,10,11
192,11,12
192,12,274
192,13,11
192,15,240
192,16,12
192,17,12
192,18,384
192,19,344
192,20,12
192,22,76
192,23,240
192,24,704
192,25,466
193,0,274
193,1,383
193,2,699
193,3,12
193,4,884
193,5,74
193,6,12
193,7,4
193,8,14
193,9,14
193,10,737
193,11,12
193,12,11
193,13,428
193,15,1403
193,16,240
193,17,12
193,18,12
193,19,12
193,20,704
193,21,14
193,22,466
193,23,12
194,0,274
194,1,83
194,2,428
194,3,14
194,4,12
194,5,12
194,6,623
194,7,699
194,8,11
194,9,884
194,10,748
194,11,11
194,12,1403
194,14,12
194,15,240
194,16,14
194,17,12
194,18,14
194,19,704
194,20,12
194,21,704
195,0,154
195,1,83
195,2,14
195,3,884
195,4,12
195,5,582
195,6,11
195,7,623
195,8,4
195,9,60
195,10,12
195,11,1403
195,12,748
195,14,12
195,15,12
195,16,12
195,17,384
195,18,14
195,20,11
195,21,466
196,0,572
196,1,162
196,2,14
196,3,12
196,4,582
196,5,11
196,6,166
196,7,623
196,8,12
196,9,726
196,10,1403
196,11,4
196,13,12
196,14,344
196,15,704
196,16,12
196,17,11
196,19,14
196,20,14
196,21,466
196,22,12
197,0,572
197,1,11
197,2,14
197,3,748
197,4,60
197,5,12
197,6,582
197,7,74
197,8,12
197,9,11
197,10,11
197,12,191
197,13,83
197,15,12
197,16,14
197,17,11
197,18,704
197,19,12
197,20,14
197,22,14
197,23,10
198,0,60
198,1,454
198,2,661
198,3,748
198,4,11
198,5,14
198,6,12
198,7,274
198,8,442
198,9,2
198,10,14
198,11,12
198,12,704
198,14,1403
198,15,83
198,16,12
198,17,206
198,18,11
198,20,12
198,21,14
198,22,466
199,0,60
199,1,74
199,2,496
199,3,137
199,4,11
199,5,14
199,6,442
199,7,12
199,8,83
199,9,1403
199,10,14
199,11,2
199,12,12
199,14,14
199,15,704
199,17,2
199,18,11
199,19,12
199,20,12
199,21,263
199,23,12
199,24,626
200,0,884
200,1,582
200,2,11
200,3,14
200,4,428
200,5,14
200,6,658
200,7,921
200,8,397
200,9,2
200,10,60
200,11,12
200,12,12
200,14,14
200,16,12
200,18,12
200,19,263
200,20,10
200,21,74
